[
  {
    "success": true,
    "data": {
      "revenue": 12500,
      "profit": 3750,
      "sales": 250,
      "traffic": 5000,
      "conversionRate": 5,
      "averageOrderValue": 50,
      "timeframe": "30d",
      "platforms": {
        "amazon": 65,
        "ebay": 20,
        "walmart": 10,
        "etsy": 5
      },
      "categories": {
        "electronics": 40,
        "home": 25,
        "clothing": 20,
        "toys": 15
      },
      "historicalData": [
        {"date": "2025-03-04", "revenue": 400, "profit": 120, "sales": 8},
        {"date": "2025-03-05", "revenue": 450, "profit": 135, "sales": 9},
        {"date": "2025-03-06", "revenue": 425, "profit": 127, "sales": 8},
        {"date": "2025-03-07", "revenue": 500, "profit": 150, "sales": 10},
        {"date": "2025-03-08", "revenue": 550, "profit": 165, "sales": 11},
        {"date": "2025-03-09", "revenue": 475, "profit": 142, "sales": 9},
        {"date": "2025-03-10", "revenue": 425, "profit": 127, "sales": 8},
        {"date": "2025-03-11", "revenue": 400, "profit": 120, "sales": 8},
        {"date": "2025-03-12", "revenue": 375, "profit": 112, "sales": 7},
        {"date": "2025-03-13", "revenue": 425, "profit": 127, "sales": 8},
        {"date": "2025-03-14", "revenue": 450, "profit": 135, "sales": 9},
        {"date": "2025-03-15", "revenue": 500, "profit": 150, "sales": 10},
        {"date": "2025-03-16", "revenue": 525, "profit": 157, "sales": 10},
        {"date": "2025-03-17", "revenue": 475, "profit": 142, "sales": 9},
        {"date": "2025-03-18", "revenue": 450, "profit": 135, "sales": 9},
        {"date": "2025-03-19", "revenue": 425, "profit": 127, "sales": 8},
        {"date": "2025-03-20", "revenue": 400, "profit": 120, "sales": 8},
        {"date": "2025-03-21", "revenue": 425, "profit": 127, "sales": 8},
        {"date": "2025-03-22", "revenue": 450, "profit": 135, "sales": 9},
        {"date": "2025-03-23", "revenue": 475, "profit": 142, "sales": 9},
        {"date": "2025-03-24", "revenue": 500, "profit": 150, "sales": 10},
        {"date": "2025-03-25", "revenue": 525, "profit": 157, "sales": 10},
        {"date": "2025-03-26", "revenue": 550, "profit": 165, "sales": 11},
        {"date": "2025-03-27", "revenue": 525, "profit": 157, "sales": 10},
        {"date": "2025-03-28", "revenue": 500, "profit": 150, "sales": 10},
        {"date": "2025-03-29", "revenue": 475, "profit": 142, "sales": 9},
        {"date": "2025-03-30", "revenue": 450, "profit": 135, "sales": 9},
        {"date": "2025-03-31", "revenue": 425, "profit": 127, "sales": 8},
        {"date": "2025-04-01", "revenue": 400, "profit": 120, "sales": 8},
        {"date": "2025-04-02", "revenue": 425, "profit": 127, "sales": 8}
      ]
    }
  }
]
